"1","4785316144","9784785316143","","","積読","","","","2026-09-20 13:26:09","","手を動かしてまなぶ トポロジー《基本群》","古宇田悠哉","裳華房","2025","本","420"
"1","4785316039","9784785316037","","","積読","","","","2026-09-20 13:26:14","","手を動かしてまなぶ 群論","原隆","裳華房","2024","本","400"
"1","478531592X","9784785315924","","","積読","","","","2026-09-20 13:26:18","","手を動かしてまなぶ ε-δ論法","藤岡敦","裳華房","2021","本","312"
"1","4785315873","9784785315870","","","積読","","","","2026-09-20 13:26:21","","手を動かしてまなぶ 集合と位相","藤岡敦","裳華房","2020","本","332"
"1","4759810846","9784759810844","","","積読","","","","2026-09-20 13:26:54","","量子化学 基礎からのアプローチ","真船文隆","化学同人","2007","本","268"
"1","4297157519","9784297157517","","","積読","","","","2026-09-20 13:27:19","","毒物劇物取扱者 合格教本 改訂第4版","竹尾文彦","技術評論社","2026","本","336"
"1","4140162864","9784140162866","","","積読","","","","2026-09-20 13:27:42","","シン・短歌入門 (NHK短歌)","笹公人","NHK出版","2023","本","180"
"1","406521615X","9784065216156","","","積読","","","","2026-09-20 13:27:44","","語りえぬものを語る (講談社学術文庫)","野矢茂樹","講談社","2020","本","512"
"1","4757413912","9784757413917","","","積読","","","","2026-09-20 13:27:53","","キクタン 中国語 入門編 聞いて覚える中国語単語帳 中検準4級レベル","関西大学中国語教材研究会","アルク","2008","本","159"
"1","B0HD8JTX3J","4912059211060","","","積読","","","","2026-09-20 13:28:10","","短歌研究2026年9+10 月合併号","短歌研究社","短歌研究社","2026","雑誌","240"
"1","4867320102","9784867320105","","","積読","","","","2026-09-20 13:28:17","","水上バス浅草行き","岡本真帆","ナナロク社","2022","本","168"
"1","4410154621","9784410154621","","","積読","","","","2026-09-20 13:29:08","","大学教養 線形代数 (数研講座シリーズ)","加藤文元","数研出版","2019","本",""
"1","4780609453","9784780609455","","","積読","","","","2026-09-20 13:29:10","","力学 増補版","植松恒夫","学術図書出版社","2021","本","256"
"1","4410152297","9784410152290","","","積読","","","","2026-09-20 13:29:11","","大学教養 微分積分 (数研講座シリーズ)","加藤文元","数研出版","2019","本",""
"1","4410153587","9784410153587","","","積読","","","","2026-09-20 13:29:33","","数研講座シリーズ 大学教養 微分積分の基礎","市原一裕","数研出版","2020","本","320"
"1","4777227243","9784777227242","","","積読","","","","2026-09-20 13:29:56","","物理のエッセンス [熱・電磁気・原子] 五訂版","浜島清利","河合出版","2023","本","208"
"1","4320044940","9784320044944","","","積読","","","","2026-09-20 13:29:58","","基礎化学実験 実験操作法Web動画解説付 (第2版増補)","京都大学大学院人間・環境学研究科化学部会","共立出版","2019","本","200"
"1","4320110498","9784320110496","","","積読","","","","2026-09-20 13:30:00","","微分積分学講義","野村隆昭","共立出版","2013","本",""
"1","4535608911","9784535608917","","","積読","","","","2026-09-20 13:30:10","","フーリエ解析入門 (プリンストン解析学講義 I)","エリアス・M.スタイン","日本評論社","2007","本","332"
"1","4327452211","9784327452216","","","積読","","","","2026-09-20 13:30:16","","京大・学術語彙データベース 基本英単語1110","京都大学英語学術語彙研究グループ","研究社","2009","本","272"
"1","4785315911","9784785315917","","","積読","","","","2026-09-20 13:30:32","","手を動かしてまなぶ 続・線形代数","藤岡敦","裳華房","2021","本","314"
"1","4627082819","9784627082816","","","積読","","","","2026-09-20 13:31:53","","数学書の読みかた","竹山美宏","森北出版","2022","本","144"
"1","4842703768","9784842703763","","","積読","","","","2026-09-20 13:31:54","","第3版 現代の量子力学(上) (物理学叢書 112)","J.J.サクライ","吉岡書店","2022","本","364"
"1","4320019725","9784320019720","","","積読","","","","2026-09-20 13:31:54","","復刊 射影幾何学","秋月康夫","共立出版","2011","本","136"
"1","4785334215","9784785334215","","","積読","","","","2026-09-20 13:31:54","","化学のための数学・物理 (物理化学入門シリーズ)","河野裕彦","裳華房","2019","本","288"
"1","4000051903","9784000051903","","","積読","","","","2026-09-20 13:32:18","","化学や物理のためのやさしい群論入門","藤永茂","岩波書店","2001","本","230"
"1","4842702249","9784842702247","","","積読","","","","2026-09-20 13:32:34","","物理学演習・モスクワの森 MPTI物理問題集","青木薫","吉岡書店","1989","本","288"
"1","4785320311","9784785320317","","","積読","","","","2026-09-20 13:33:31","","物理のための応用数学","小野寺嘉孝","裳華房","1988","本","236"
"1","4140351772","9784140351772","","","積読","","","","2026-09-20 13:34:21","","中国語文法 入門から上級まで NHK出版 これならわかる","丸尾誠","NHK出版","2022","本","372"
"1","4627605102","9784627605107","","","積読","","","","2026-09-20 13:34:22","","材料力学 (機械工学入門講座 1)","村上敬宜","森北出版","1994","本","192"
"1","4501418508","9784501418502","","","積読","","","","2026-09-20 13:34:22","","材料力学考え方解き方 (わかりやすい機械教室)","萩原國雄","東京電機大学出版局","2010","本","256"
"1","4782708009","9784782708002","","","積読","","","","2026-09-20 13:34:23","","錯体化学 有機・無機複合体の分子化学","猪股智彦","三共出版","2021","本",""
"1","4046056274","9784046056276","","","積読","","","","2026-09-20 13:34:23","","数学の世界地図","古賀真輝","KADOKAWA","2023","本","320"
"1","4866390980","9784866390987","","","積読","","","","2026-09-20 13:36:36","","日本人のための中国語発音完全教本","盧尤","アスク出版","2017","本",""
"1","4560087962","9784560087961","","","積読","","","","2026-09-20 13:36:39","","ニューエクスプレスプラス エスペラント語《CD付》 (ニューエクスプレスプラス)","安達信明","白水社","2018","本","164"
"1","4863924380","9784863924383","","","積読","","","","2026-09-20 13:36:42","","ゼロからスタートロシア語 文法編","匹田剛","Jリサーチ出版","2019","本","224"
"1","4826801483","9784826801485","","","積読","","","","2026-09-20 13:37:16","","博友社ロシア語辞典","木村彰一","博友社","1995","本",""
"1","4816376658","9784816376658","","","積読","","","","2026-09-20 13:37:31","","ぱっと見わけ 観察を楽しむ 野鳥図鑑【増補改訂版】","石田光史","ナツメ社","2025","本","416"
"1","4478116288","9784478116289","","","積読","","","","2026-09-20 13:37:55","","ウォード博士の驚異の「動物行動学入門」 動物のひみつ 争い・裏切り・協力・繁栄の謎を追う","アシュリー・ウォード","ダイヤモンド社","2024","本","736"
"1","4763141783","9784763141781","","","積読","","","","2026-09-20 13:37:56","","魚が存在しない理由 世界一空恐ろしい生物分類の話","ルル・ミラー","サンマーク出版","2025","本","384"
"1","4469322288","9784469322286","","","積読","","","","2026-09-20 13:38:29","","トータルサポート新国語便覧","","大修館書店","2018","本",""
"1","4794210051","9784794210050","","","積読","","","","2026-09-20 13:38:30","","銃・病原菌・鉄 上","ジャレド・ダイアモンド","草思社","2000","本","320"
"1","464115144X","9784641151444","","","積読","","","","2026-09-20 13:38:33","","労働法〔第5版〕 (有斐閣ストゥディア)","小畑史子","有斐閣","2025","本","294"
"1","4010947039","9784010947036","","","積読","","","","2026-09-20 13:41:53","","英検準1級 でる順パス単","旺文社","旺文社","2012","本","408"
"1","4797397128","9784797397123","","","積読","","","","2026-09-20 13:42:05","","一度読んだら絶対に忘れない世界史の教科書 公立高校教師YouTuberが書いた","山?圭一","SBクリエイティブ","2018","本","352"
"1","4342352028","9784342352027","","","積読","","","","2026-09-20 13:42:25","","読解を深める現代文単語 評論・小説 改訂版","晴山亨","桐原書店","2018","本","320"
"1","4120055310","9784120055317","","","積読","","","","2026-09-20 13:42:27","","補給戦 増補新版 ヴァレンシュタインからパットンまでのロジスティクスの歴史","マーチン・ファン・クレフェルト","中央公論新社","2022","本","464"
"1","4777227235","9784777227235","","","積読","","","","2026-09-20 13:43:05","","物理のエッセンス 力学・波動 五訂版 (河合塾SERIES)","浜島清利","河合出版","2023","本","220"
"1","4410812815","9784410812811","","","積読","","","","2026-09-20 13:43:07","","物理 [物理 706]","國友 正和","数研出版","","本","462"
"1","4895928055","9784895928052","","","積読","","","","2026-09-25 00:12:23","","ギルバート発生生物学","阿形清和","メディカル・サイエンスインタナショナル","2015","本","864"
"1","410100501X","9784101005010","","","積読","","","","2026-09-25 00:12:42","","痴人の愛 (新潮文庫 た-1-1 新潮文庫)","谷崎潤一郎","新潮社","1947","本","464"
"1","4847076362","9784847076367","","","積読","","","","2026-09-25 00:13:23","","1冊目に読みたい小説の書き方の教科書","額賀澪","ワニブックス","2026","本","248"
"1","4095156228","9784095156224","","","積読","","","","2026-09-25 00:14:22","","プログレッシブ中国語辞典 第2版","山田眞一","小学館","2013","本","1186"
"1","4815618461","9784815618469","","","積読","","","","2026-09-25 00:14:32","","1冊ですべて身につくHTML & CSSとWebデザイン入門講座[第2版] (1冊ですべて身につく)","Mana","SBクリエイティブ","2024","本","320"
"1","4815615756","9784815615758","","","積読","","","","2026-09-25 00:14:43","","1冊ですべて身につくJavaScript入門講座 (1冊ですべて身につく)","Mana","SBクリエイティブ","2023","本","344"
"1","4041008387","9784041008386","","","積読","","","","2026-09-25 00:15:10","","檸檬 (角川文庫)","梶井基次郎","角川書店","2013","本","288"
"1","4469041874","9784469041873","","","積読","","","","2026-09-25 00:15:24","","ジーニアス英和辞典 第6版","中邑光男","大修館書店","2022","本","2448"
"1","4621311476","9784621311479","","","積読","","","","2026-09-25 00:15:42","","生物物理学 1分子の機能から細胞のシステム生物学まで","高田彰二","丸善出版","2025","本","304"
"1","4759815848","9784759815849","","","積読","","","","2026-09-25 00:15:48","","ブルース有機化学 (第7版) 【上】","大船泰史","化学同人","2014","本","896"
"1","4058019131","9784058019139","","","積読","","","","2026-09-25 00:16:11","","J06 地球の歩き方 神奈川 2024~2025 (地球の歩き方J)","地球の歩き方編集室","地球の歩き方","2024","本","532"
"1","4058022280","9784058022283","","","積読","","","","2026-09-25 00:16:13","","J16 地球の歩き方 横浜市 2025~2026 (地球の歩き方J)","地球の歩き方編集室","地球の歩き方","2024","本","488"
"1","4863922191","9784863922198","","","積読","","","","2026-09-25 00:16:47","","新ゼロからスタート中国語 文法編 だれにでもわかる文法と発音の基本ルール","王丹","Jリサーチ出版","2015","本","196"
"1","4010312785","9784010312780","","","積読","","","","2026-09-25 00:16:50","","ロイヤル英文法 徹底例解","綿貫陽","旺文社","2000","本","896"
"1","430922671X","9784309226712","","","積読","","","","2026-09-25 00:17:11","","サピエンス全史 上 文明の構造と人類の幸福","ユヴァル・ノア・ハラリ","河出書房新社","2016","本","272"
"1","4010312998","9784010312995","","","積読","","","","2026-09-25 00:17:12","","表現のための実践ロイヤル英文法 例文暗記CD付き","綿貫陽","旺文社","2011","本","728"
"1","4297102781","9784297102784","","","積読","","","","2026-09-25 00:17:32","","数学デッサン教室 描いて楽しむ数学のかたち","瑞慶山香佳","技術評論社","2018","本",""
"1","4032371105","9784032371109","","5","読み終わった","素晴らしい","","","2026-09-25 00:18:11","2026-09-25 13:48:41","はらぺこあおむし (偕成社・ボードブック)","エリック・カール","偕成社","1997","本","24"
"1","4062731290","9784062731294","","","積読","","","","2026-09-25 00:18:49","","スプートニクの恋人 (講談社文庫)","村上春樹","講談社","2001","本","328"
"1","4887470150","9784887470156","","","積読","","","","2026-09-25 00:18:52","","復刊 あたらしい憲法のはなし (小さな学問の書 2)","童話屋編集部","童話屋","2001","本","80"
"1","4041002842","9784041002841","","","積読","","","","2026-09-25 00:18:54","","ロウソクの科学 (角川文庫)","ファラデー","角川書店","2012","本","208"
"1","400375137X","9784003751374","","","積読","","","","2026-09-25 00:19:04","","夜間飛行・人間の大地 (岩波文庫 赤N516-2)","サン=テグジュペリ","岩波書店","2025","本","404"
"1","4003207513","9784003207512","","","積読","","","","2026-09-25 00:19:12","","空と風と星と詩 尹東柱詩集 (岩波文庫 赤75-1)","金時鐘","岩波書店","2012","本","192"
"1","4167911302","9784167911300","","","積読","","","","2026-09-25 00:19:34","","コンビニ人間 (文春文庫)","村田沙耶香","文藝春秋","2018","本","176"
"1","4003208013","9784003208014","","","積読","","","","2026-09-25 00:19:45","","アイヌ神謡集 (岩波文庫 赤80-1)","知里幸恵","岩波書店","1978","本","200"
"1","4061370014","9784061370012","","","積読","","","","2026-09-25 00:20:38","","すばらしい新世界 (講談社文庫)","オルダス.L・ハックスリ-","講談社","1974","本","316"
"1","4101050457","9784101050454","","","積読","","","","2026-09-25 00:20:49","","金閣寺 (新潮文庫)","三島由紀夫","新潮社","2020","本","400"
"1","4309467733","9784309467733","","","積読","","","","2026-09-25 00:21:14","","すべての、白いものたちの (河出文庫)","ハン・ガン","河出書房新社","2023","本","200"
"1","4102114033","9784102114032","","","積読","","","","2026-09-25 00:21:16","","ペスト (新潮文庫)","カミュ","新潮社","1969","本","480"
"1","4150102295","9784150102296","","","積読","","","","2026-09-25 00:21:48","","アンドロイドは電気羊の夢を見るか? (ハヤカワ文庫SF)","浅倉久志","早川書房","1977","本",""
"1","4150105685","9784150105686","","","積読","","","","2026-09-25 00:22:42","","高い城の男 (ハヤカワ文庫SF)","浅倉久志","早川書房","1984","本","432"
"1","4043755031","9784043755035","","","積読","","","","2026-09-25 00:23:09","","シルクロードの滑走路 (角川文庫)","黒木亮","KADOKAWA","2009","本","400"
"1","4041008468","9784041008461","","","積読","","","","2026-09-25 00:23:11","","雪国 (角川文庫)","川端康成","角川書店","2013","本","224"
"1","4770024029","9784770024022","","","積読","","","","2026-09-25 00:23:54","","対訳 武士道 (講談社バイリンガル・ブックス)","新渡戸稲造","講談社インターナショナル","1998","本","312"
"1","B0BP9B4SKR","","kindle","","","","","","2026-09-25 00:33:10","","手を動かしてまなぶ ε-δ論法","藤岡 敦","裳華房","2021","電子書籍",""
"1","4046067691","9784046067692","kindle","","積読","","","","2026-09-25 00:36:39","","改訂版 大学入学共通テスト 公共、倫理の点数が面白いほどとれる本 0からはじめて100までねらえる","村中和之","KADOKAWA","2024","本","536"
"1","4334751040","9784334751043","kindle","","積読","","","","2026-09-25 00:38:34","","マダム・エドワルダ/目玉の話 (光文社古典新訳文庫 Aハ-1-1)","中条省平","光文社","2006","本","168"
"1","4480056815","9784480056818","kindle","","積読","","","","2026-09-25 00:39:39","","バタイユ入門","酒井健","筑摩書房","1996","本",""
"1","4065397340","9784065397343","kindle","","積読","","","","2026-09-25 00:39:58","","移動と階級 (講談社現代新書)","伊藤将人","講談社","2025","本","272"
"1","4480075100","9784480075109","kindle","","積読","","","","2026-09-25 00:41:07","","社会主義前夜 サン=シモン、オーウェン、フーリエ (ちくま新書 1688)","中嶋洋平","筑摩書房","2022","本","272"
"1","4000296868","9784000296861","kindle","","積読","","","","2026-09-25 00:41:22","","結局,ウナギは食べていいのか問題 (岩波科学ライブラリー)","海部健三","岩波書店","2019","本","134"
"1","4102114025","9784102114025","kindle","","積読","","","","2026-09-25 00:42:57","","シーシュポスの神話 (新潮文庫 カ-2-2 新潮文庫)","カミュ","新潮社","1969","本","272"
"1","4480075771","9784480075772","kindle","","積読","","","","2026-09-25 00:43:14","","安楽死が合法の国で起こっていること (ちくま新書 1759)","児玉真美","筑摩書房","2023","本","288"
"1","4003394615","9784003394618","","","積読","","","","2026-09-25 00:50:00","","生命とは何か 物理的にみた生細胞 (岩波文庫 青946-1)","シュレーディンガー","岩波書店","2008","本","220"
"1","4003316819","9784003316818","","","積読","","","","2026-09-25 00:50:09","","石橋湛山評論集 (岩波文庫 青168-1)","松尾尊兌","岩波書店","1984","本","336"
"1","4003413415","9784003413418","","","積読","","","","2026-09-25 00:50:14","","帝国主義 (岩波文庫 白134-1)","レーニン,V.I.","岩波書店","1956","本","242"
"1","4003363922","9784003363928","","","積読","","","","2026-09-25 00:51:00","","ツァラトゥストラはこう言った 上 (岩波文庫 青639-2)","フリードリヒ・ニーチェ","岩波書店","1967","本","276"
"1","4003421310","9784003421314","","","積読","","","","2026-09-25 00:51:34","","未開社会の思惟 上 (岩波文庫 白213-1)","レヴィ・ブリュル","岩波書店","1953","本","284"
"1","4005006140","9784005006144","","","積読","","","","2026-09-25 00:52:14","","高校生活100のアドバイス (岩波ジュニア新書 614)","東海林明","岩波書店","2009","本","240"
"1","4005002765","9784005002764","","","積読","","","","2026-09-25 00:52:17","","砂糖の世界史 (岩波ジュニア新書 276)","川北稔","岩波書店","1996","本","216"
"1","4061490737","9784061490734","","","積読","","","","2026-09-25 00:52:43","","はじめてのドイツ語 (講談社現代新書)","福本義憲","講談社","1991","本","284"
"1","4121006240","9784121006240","","","積読","","","","2026-09-25 00:53:09","","理科系の作文技術 (中公新書)","木下是雄","中央公論新社","1981","本","252"
"1","4061498916","9784061498914","","","積読","","","","2026-09-25 00:53:11","","生物と無生物のあいだ (講談社現代新書)","福岡伸一","講談社","2007","本","288"
"1","4121028767","9784121028761","","","積読","","","","2026-09-25 00:53:27","","民度―分極化時代の日本の民主主義 (中公新書 2876)","善教将大","中央公論新社","2025","本","256"
"1","4121028805","9784121028808","","","積読","","","","2026-09-25 00:53:35","","ナショナリズムとは何か 帰属、愛国、排外主義の正体 (中公新書 2880)","中井遼","中央公論新社","2025","本","304"
"1","412102009X","9784121020093","","","積読","","","","2026-09-25 00:53:51","","音楽の聴き方 聴く型と趣味を語る言葉 (中公新書)","岡田暁生","中央公論新社","2009","本","256"
"1","4121023005","9784121023001","","","積読","","","","2026-09-25 00:53:58","","フランス現代思想史 構造主義からデリダ以後へ (中公新書)","岡本裕一朗","中央公論新社","2015","本","288"
"1","4150502226","9784150502225","","","積読","","","","2026-09-25 00:54:23","","ソロモンの指環 動物行動学入門 (ハヤカワ文庫NF)","日高敏隆","早川書房","1998","本","272"
"1","4799330837","9784799330838","","","積読","","","","2026-09-25 00:54:28","","「好き」を言語化する技術 推しの素晴らしさを語りたいのに「やばい!」しかでてこない","三宅香帆","ディスカヴァー・トゥエンティワン","2024","本","264"
"1","4480685162","9784480685162","","","積読","","","","2026-09-25 00:54:43","","社会は「私」をどうかたちづくるのか (ちくまプリマー新書 487)","牧野智和","筑摩書房","2025","本","256"
"1","4480074309","9784480074300","","","積読","","","","2026-09-25 00:54:59","","教養としての仏教思想史 (ちくま新書 1618)","木村清孝","筑摩書房","2021","本","416"
"1","4480056718","9784480056719","","","積読","","","","2026-09-25 00:55:17","","フーコー入門","中山元","筑摩書房","1996","本",""
"1","4480098402","9784480098405","","","積読","","","","2026-09-25 00:55:39","","呪われた部分 全般経済学試論・蕩尽 (ちくま学芸文庫)","ジョルジュ・バタイユ","筑摩書房","2018","本","384"
"1","4480439129","9784480439123","","","積読","","","","2026-09-25 00:55:40","","新版 思考の整理学 (ちくま文庫 と-1-11)","外山滋比古","筑摩書房","2024","本","256"
"1","4480422331","9784480422330","","","積読","","","","2026-09-25 00:55:42","","官能小説用語表現辞典","永田守弘","筑摩書房","2006","本",""
